<edmx:Edmx Version="1.0" xmlns:edmx="http://schemas.microsoft.com/ado/2007/06/edmx" xmlns:m="http://schemas.microsoft.com/ado/2007/08/dataservices/metadata" xmlns:sap="http://www.sap.com/Protocols/SAPData">
    <edmx:DataServices m:DataServiceVersion="2.0">
        <Schema Namespace="d5ba8afaa6e24fff1284b696" xml:lang="en" sap:schema-version="0000" xmlns="http://schemas.microsoft.com/ado/2008/09/edm">
            <EntityContainer Name="d5ba8afaa6e24fff1284b696_Entities" m:IsDefaultEntityContainer="true">
                <EntitySet Name="RKEAntragSet" EntityType="d5ba8afaa6e24fff1284b696.RKEAntrag" sap:creatable="true" sap:updatable="true" sap:deletable="true"/>
                <AssociationSet Name="RKEAntragenthaeltRKEAItem" Association="d5ba8afaa6e24fff1284b696.RKEAntragenthaeltRKEAItem" sap:creatable="true" sap:updatable="true" sap:deletable="true">
                    <End EntitySet="RKEAntragSet" Role="FromRole_RKEAntragenthaeltRKEAItem"/>
                    <End EntitySet="RKEAItemSet" Role="ToRole_RKEAntragenthaeltRKEAItem"/>
                </AssociationSet>
                <EntitySet Name="RKEAItemSet" EntityType="d5ba8afaa6e24fff1284b696.RKEAItem" sap:creatable="true" sap:updatable="true" sap:deletable="true"/>
            </EntityContainer>
            <EntityType Name="RKEAntrag">
                <Key>
                    <PropertyRef Name="ID"/>
                </Key>
                <Property Name="ID" Type="Edm.String" sap:creatable="true" sap:updatable="true" sap:deletable="true" sap:label="ID"/>
                <Property Name="Vorname" Type="Edm.String" sap:creatable="true" sap:updatable="true" sap:deletable="true" sap:label="Vorname"/>
                <Property Name="Nachname" Type="Edm.String" sap:creatable="true" sap:updatable="true" sap:deletable="true" sap:label="Nachname"/>
                <Property Name="ReiseBeginn" Type="Edm.String" sap:creatable="true" sap:updatable="true" sap:deletable="true" sap:label="ReiseBeginn"/>
                <Property Name="ReiseEnde" Type="Edm.String" sap:creatable="true" sap:updatable="true" sap:deletable="true" sap:label="ReiseEnde"/>
                <Property Name="Kunde" Type="Edm.String" sap:creatable="true" sap:updatable="true" sap:deletable="true" sap:label="Kunde"/>
                <Property Name="AusgabenGesamtBrutto" Type="Edm.String" sap:creatable="true" sap:updatable="true" sap:deletable="true" sap:label="AusgabenGesamtBrutto"/>
                <Property Name="VorUNachname" Type="Edm.String" sap:creatable="true" sap:updatable="true" sap:deletable="true" sap:calculated="{&quot;calculation&quot;:&quot;[{\&quot;label\&quot;:\&quot;+\&quot;,\&quot;name\&quot;:\&quot;plus\&quot;,\&quot;type\&quot;:\&quot;operator\&quot;,\&quot;left\&quot;:[{\&quot;label\&quot;:\&quot;+\&quot;,\&quot;name\&quot;:\&quot;plus\&quot;,\&quot;type\&quot;:\&quot;operator\&quot;,\&quot;left\&quot;:[{\&quot;label\&quot;:\&quot;PROPERTY\&quot;,\&quot;name\&quot;:\&quot;property\&quot;,\&quot;entityId\&quot;:\&quot;RKEAntrag\&quot;,\&quot;navPropId\&quot;:\&quot;\&quot;,\&quot;navPropOp\&quot;:null,\&quot;propertyId\&quot;:\&quot;Vorname\&quot;,\&quot;type\&quot;:\&quot;property\&quot;,\&quot;propertyType\&quot;:\&quot;String\&quot;,\&quot;isNewLine\&quot;:false,\&quot;id\&quot;:3,\&quot;computedType\&quot;:\&quot;string\&quot;,\&quot;entityName\&quot;:\&quot;RKEAntrag\&quot;,\&quot;propertyName\&quot;:\&quot;Vorname\&quot;}],\&quot;right\&quot;:[{\&quot;label\&quot;:\&quot;VALUE\&quot;,\&quot;name\&quot;:\&quot;value\&quot;,\&quot;type\&quot;:\&quot;value\&quot;,\&quot;value\&quot;:\&quot; \&quot;,\&quot;isNewLine\&quot;:false,\&quot;id\&quot;:4,\&quot;computedType\&quot;:\&quot;number\&quot;}],\&quot;displayLabel\&quot;:\&quot;+\&quot;,\&quot;isNewLine\&quot;:false,\&quot;id\&quot;:2,\&quot;computedType\&quot;:\&quot;string\&quot;}],\&quot;right\&quot;:[{\&quot;label\&quot;:\&quot;PROPERTY\&quot;,\&quot;name\&quot;:\&quot;property\&quot;,\&quot;entityId\&quot;:\&quot;RKEAntrag\&quot;,\&quot;navPropId\&quot;:\&quot;\&quot;,\&quot;navPropOp\&quot;:null,\&quot;propertyId\&quot;:\&quot;Nachname\&quot;,\&quot;type\&quot;:\&quot;property\&quot;,\&quot;propertyType\&quot;:\&quot;String\&quot;,\&quot;isNewLine\&quot;:false,\&quot;id\&quot;:5,\&quot;computedType\&quot;:\&quot;string\&quot;,\&quot;entityName\&quot;:\&quot;RKEAntrag\&quot;,\&quot;propertyName\&quot;:\&quot;Nachname\&quot;}],\&quot;displayLabel\&quot;:\&quot;+\&quot;,\&quot;isNewLine\&quot;:false,\&quot;id\&quot;:1,\&quot;computedType\&quot;:\&quot;string\&quot;}]&quot;,&quot;inputProperties&quot;:[{&quot;_id&quot;:&quot;5dc1f0c7d467730360785283&quot;,&quot;navPropId&quot;:&quot;&quot;,&quot;entityId&quot;:&quot;RKEAntrag&quot;,&quot;propertyId&quot;:&quot;Vorname&quot;},{&quot;_id&quot;:&quot;5dc1f0c7d467730360785282&quot;,&quot;navPropId&quot;:&quot;&quot;,&quot;entityId&quot;:&quot;RKEAntrag&quot;,&quot;propertyId&quot;:&quot;Nachname&quot;}]}" sap:label="VorUNachname"/>
                <NavigationProperty Name="enthaelt" Relationship="d5ba8afaa6e24fff1284b696.RKEAntragenthaeltRKEAItem" FromRole="FromRole_RKEAntragenthaeltRKEAItem" ToRole="ToRole_RKEAntragenthaeltRKEAItem"/>
            </EntityType>
            <Association Name="RKEAntragenthaeltRKEAItem">
                <End Type="d5ba8afaa6e24fff1284b696.RKEAntrag" Multiplicity="1" Role="FromRole_RKEAntragenthaeltRKEAItem"/>
                <End Type="d5ba8afaa6e24fff1284b696.RKEAItem" Multiplicity="*" Role="ToRole_RKEAntragenthaeltRKEAItem"/>
                <ReferentialConstraint>
                    <Principal Role="FromRole_RKEAntragenthaeltRKEAItem">
                        <PropertyRef Name="ID"/>
                    </Principal>
                    <Dependent Role="ToRole_RKEAntragenthaeltRKEAItem">
                        <PropertyRef Name="___FK_0b26cb93a016b6171284b849_00016"/>
                    </Dependent>
                </ReferentialConstraint>
            </Association>
            <EntityType Name="RKEAItem">
                <Key>
                    <PropertyRef Name="ID"/>
                </Key>
                <Property Name="ID" Type="Edm.String" sap:creatable="true" sap:updatable="true" sap:deletable="true" sap:label="ID"/>
                <Property Name="AusgabeArt" Type="Edm.String" sap:creatable="true" sap:updatable="true" sap:deletable="true" sap:label="AusgabeArt"/>
                <Property Name="BetragNetto" Type="Edm.Decimal" sap:creatable="true" sap:updatable="true" sap:deletable="true" sap:label="BetragNetto"/>
                <Property Name="BetragBrutto" Type="Edm.Decimal" sap:creatable="true" sap:updatable="true" sap:deletable="true" sap:label="BetragBrutto"/>
                <Property Name="Mwst" Type="Edm.Decimal" sap:creatable="true" sap:updatable="true" sap:deletable="true" sap:label="Mwst"/>
                <Property Name="___FK_0b26cb93a016b6171284b849_00016" Type="Edm.String" sap:creatable="true" sap:updatable="true" sap:deletable="true" sap:label="___FK_0b26cb93a016b6171284b849_00016"/>
            </EntityType>
        </Schema>
    </edmx:DataServices>
</edmx:Edmx>
