<edmx:Edmx xmlns:edmx="http://schemas.microsoft.com/ado/2007/06/edmx"
	xmlns:m="http://schemas.microsoft.com/ado/2007/08/dataservices/metadata" xmlns:sap="http://www.sap.com/Protocols/SAPData" Version="1.0">
	<edmx:Reference xmlns:edmx="http://docs.oasis-open.org/odata/ns/edmx"
		Uri="https://fsd.virtual:8000/sap/opu/odata/IWFND/CATALOGSERVICE;v=2/Vocabularies(TechnicalName='%2FIWBEP%2FVOC_COMMON',Version='0001',SAP__Origin='S4HANA')/$value"><edmx:Include Namespace="com.sap.vocabularies.Common.v1" Alias="Common"/></edmx:Reference>
	<edmx:Reference xmlns:edmx="http://docs.oasis-open.org/odata/ns/edmx"
		Uri="https://fsd.virtual:8000/sap/opu/odata/IWFND/CATALOGSERVICE;v=2/Vocabularies(TechnicalName='%2FIWBEP%2FVOC_CAPABILITIES',Version='0001',SAP__Origin='S4HANA')/$value"><edmx:Include Namespace="Org.OData.Capabilities.V1" Alias="Capabilities"/></edmx:Reference>
	<edmx:Reference xmlns:edmx="http://docs.oasis-open.org/odata/ns/edmx"
		Uri="https://fsd.virtual:8000/sap/opu/odata/IWFND/CATALOGSERVICE;v=2/Vocabularies(TechnicalName='%2FIWBEP%2FVOC_COMMUNICATION',Version='0001',SAP__Origin='S4HANA')/$value"><edmx:Include Namespace="com.sap.vocabularies.Communication.v1" Alias="Communication"/></edmx:Reference>
	<edmx:DataServices m:DataServiceVersion="2.0">
		<Schema xmlns="http://schemas.microsoft.com/ado/2008/09/edm" Namespace="ZUX410_C_FLIGHTUI00_CDS" xml:lang="en" sap:schema-version="1">
			<EntityType Name="ZUX410_C_BOOKINGUI00Type" sap:label="bookings" sap:content-version="1">
				<Key><PropertyRef Name="carrid"/><PropertyRef Name="connid"/><PropertyRef Name="fldate"/><PropertyRef Name="bookid"/></Key><Property Name="carrid" Type="Edm.String" Nullable="false" MaxLength="3" sap:display-format="UpperCase" sap:label="Airline"
					sap:quickinfo="Airline Code"/><Property Name="connid" Type="Edm.String" Nullable="false" MaxLength="4" sap:display-format="NonNegative" sap:label="Connection Number"
					sap:quickinfo="Flight Connection Number"/><Property Name="fldate" Type="Edm.DateTime" Nullable="false" Precision="0" sap:display-format="Date" sap:label="Flight Date"
					sap:quickinfo="Flight date"/><Property Name="bookid" Type="Edm.String" Nullable="false" MaxLength="8" sap:display-format="NonNegative" sap:label="Booking number"/><Property Name="customid" Type="Edm.String" MaxLength="8" sap:display-format="NonNegative" sap:label="Customer Number"/><Property Name="custtype" Type="Edm.String" MaxLength="1" sap:display-format="UpperCase" sap:label="B/P customer"
					sap:quickinfo="Customer type"/><Property Name="smoker" Type="Edm.String" MaxLength="1" sap:display-format="UpperCase" sap:label="Smoker"/><Property Name="luggweight" Type="Edm.Decimal" Precision="8" Scale="4" sap:unit="wunit" sap:label="Luggage Weight"
					sap:quickinfo="Weight of Luggage"/><Property Name="wunit" Type="Edm.String" MaxLength="3" sap:label="Unit of Measurement" sap:quickinfo="Weight Unit"
					sap:semantics="unit-of-measure"/><Property Name="invoice" Type="Edm.Boolean" sap:display-format="UpperCase" sap:label="Invoice flag"/><Property Name="class" Type="Edm.String" MaxLength="1" sap:display-format="UpperCase" sap:label="Class" sap:quickinfo="Flight Class"/><Property Name="forcuram" Type="Edm.Decimal" Precision="16" Scale="3" sap:unit="forcurkey" sap:label="Amount"
					sap:quickinfo="Booking price in foreign currency (dependent on location)"/><Property Name="forcurkey" Type="Edm.String" MaxLength="5" sap:label="Paymnt currency" sap:quickinfo="Payment currency"
					sap:semantics="currency-code"/><Property Name="loccuram" Type="Edm.Decimal" Precision="16" Scale="3" sap:unit="loccurkey" sap:label="Amount (loc.currncy)"
					sap:quickinfo="Price of booking in local currency of airline"/><Property Name="loccurkey" Type="Edm.String" MaxLength="5" sap:label="Airline Currency" sap:quickinfo="Local currency of airline"
					sap:semantics="currency-code"/><Property Name="order_date" Type="Edm.DateTime" Precision="0" sap:display-format="Date" sap:label="Posting date"
					sap:quickinfo="Booking Date"/><Property Name="counter" Type="Edm.String" MaxLength="8" sap:display-format="NonNegative" sap:label="Sales office"
					sap:quickinfo="Number of sales office"/><Property Name="agencynum" Type="Edm.String" MaxLength="8" sap:display-format="NonNegative" sap:label="Agency No."
					sap:quickinfo="Travel Agency Number"/><Property Name="cancelled" Type="Edm.String" MaxLength="1" sap:display-format="UpperCase" sap:label="Cancelation flag"/><Property Name="reserved" Type="Edm.String" MaxLength="1" sap:display-format="UpperCase" sap:label="Reserved"
					sap:quickinfo="Reservation flag"/><Property Name="passname" Type="Edm.String" MaxLength="25" sap:label="Passenger Name" sap:quickinfo="Name of the Passenger"/><Property Name="passform" Type="Edm.String" MaxLength="15" sap:label="Form of address"/><Property Name="passbirth" Type="Edm.DateTime" Precision="0" sap:display-format="Date" sap:label="DOB of Passenger"
					sap:quickinfo="Date of Birth of a Passenger"/></EntityType>
			<EntityType Name="ZUX410_C_FLIGHTUI00Type" sap:label="UX410 Flight UI" sap:content-version="1">
				<Key><PropertyRef Name="carrid"/><PropertyRef Name="connid"/><PropertyRef Name="fldate"/></Key><Property Name="carrid" Type="Edm.String" Nullable="false" MaxLength="3" sap:display-format="UpperCase" sap:label="Airline"
					sap:quickinfo="Airline Code"/><Property Name="connid" Type="Edm.String" Nullable="false" MaxLength="4" sap:display-format="NonNegative" sap:label="Connection Number"
					sap:quickinfo="Flight Connection Number"/><Property Name="fldate" Type="Edm.DateTime" Nullable="false" Precision="0" sap:display-format="Date" sap:label="Flight Date"
					sap:quickinfo="Flight date"/><Property Name="carrname" Type="Edm.String" MaxLength="20" sap:label="Airline" sap:quickinfo="Airline name"/><Property Name="cityfrom" Type="Edm.String" MaxLength="20" sap:display-format="UpperCase" sap:label="Depart. city"
					sap:quickinfo="Departure city"/><Property Name="cityto" Type="Edm.String" MaxLength="20" sap:display-format="UpperCase" sap:label="Arrival city"/><Property Name="planetype" Type="Edm.String" MaxLength="10" sap:display-format="UpperCase" sap:label="Plane Type"
					sap:quickinfo="Aircraft Type"/><Property Name="price" Type="Edm.Decimal" Precision="16" Scale="3" sap:unit="currency" sap:label="Airfare"/><Property Name="currency" Type="Edm.String" MaxLength="5" sap:label="Airline Currency" sap:quickinfo="Local currency of airline"
					sap:semantics="currency-code"/><Property Name="Total" Type="Edm.Decimal" Precision="26" Scale="3" sap:unit="currency"/><Property Name="seatsmax" Type="Edm.Int32" sap:label="Max. capacity econ." sap:quickinfo="Maximum capacity in economy class"/><Property Name="seatsocc" Type="Edm.Int32" sap:label="Occupied econ." sap:quickinfo="Occupied seats in economy class"/><Property Name="url" Type="Edm.String" MaxLength="255" sap:label="URL" sap:quickinfo="Airline URL"/><Property Name="paymentsum" Type="Edm.Decimal" Precision="18" Scale="3" sap:unit="currency" sap:label="Booking total"
					sap:quickinfo="Total of current bookings"/><Property Name="seatsmax_b" Type="Edm.Int32" sap:label="Max. capacity bus." sap:quickinfo="Maximum capacity in business class"/><Property Name="seatsocc_b" Type="Edm.Int32" sap:label="Occupied bus." sap:quickinfo="Occupied seats in business class"/><Property Name="seatsmax_f" Type="Edm.Int32" sap:label="Max. capacity 1st" sap:quickinfo="Maximum capacity in first class"/><Property Name="seatsocc_f" Type="Edm.Int32" sap:label="Occupied 1st" sap:quickinfo="Occupied seats in first class"/><NavigationProperty Name="to_Bookings" Relationship="ZUX410_C_FLIGHTUI00_CDS.assoc_8202F649E447A83F2DBF2D7EEE239ADD"
					FromRole="FromRole_assoc_8202F649E447A83F2DBF2D7EEE239ADD" ToRole="ToRole_assoc_8202F649E447A83F2DBF2D7EEE239ADD"/></EntityType>
			<Association Name="assoc_8202F649E447A83F2DBF2D7EEE239ADD" sap:content-version="1"><End Type="ZUX410_C_FLIGHTUI00_CDS.ZUX410_C_FLIGHTUI00Type" Multiplicity="1" Role="FromRole_assoc_8202F649E447A83F2DBF2D7EEE239ADD"/><End Type="ZUX410_C_FLIGHTUI00_CDS.ZUX410_C_BOOKINGUI00Type" Multiplicity="*" Role="ToRole_assoc_8202F649E447A83F2DBF2D7EEE239ADD"/></Association>
			<EntityContainer Name="ZUX410_C_FLIGHTUI00_CDS_Entities" m:IsDefaultEntityContainer="true" sap:supported-formats="atom json xlsx"><EntitySet Name="ZUX410_C_BOOKINGUI00" EntityType="ZUX410_C_FLIGHTUI00_CDS.ZUX410_C_BOOKINGUI00Type" sap:creatable="false"
				sap:updatable="false" sap:deletable="false" sap:content-version="1"/><EntitySet Name="ZUX410_C_FLIGHTUI00" EntityType="ZUX410_C_FLIGHTUI00_CDS.ZUX410_C_FLIGHTUI00Type" sap:creatable="false"
				sap:updatable="false" sap:deletable="false" sap:searchable="true" sap:content-version="1"/>
				<AssociationSet Name="assoc_8202F649E447A83F2DBF2D7EEE239ADD" Association="ZUX410_C_FLIGHTUI00_CDS.assoc_8202F649E447A83F2DBF2D7EEE239ADD"
					sap:creatable="false" sap:updatable="false" sap:deletable="false" sap:content-version="1"><End EntitySet="ZUX410_C_FLIGHTUI00" Role="FromRole_assoc_8202F649E447A83F2DBF2D7EEE239ADD"/><End EntitySet="ZUX410_C_BOOKINGUI00" Role="ToRole_assoc_8202F649E447A83F2DBF2D7EEE239ADD"/></AssociationSet>
			</EntityContainer><atom:link xmlns:atom="http://www.w3.org/2005/Atom" rel="self"
				href="https://fsd.virtual:8000/sap/opu/odata/sap/ZUX410_C_FLIGHTUI00_CDS/$metadata"/><atom:link xmlns:atom="http://www.w3.org/2005/Atom" rel="latest-version"
				href="https://fsd.virtual:8000/sap/opu/odata/sap/ZUX410_C_FLIGHTUI00_CDS/$metadata"/></Schema>
	</edmx:DataServices>
</edmx:Edmx>