<edmx:Edmx xmlns:edmx="http://docs.oasis-open.org/odata/ns/edmx" Version="4.0">
	<edmx:Reference
		Uri="../../catalogservice;v=2/Vocabularies(TechnicalName='%2FIWBEP%2FVOC_COMMON',Version='0001',SAP__Origin='S4HANA')/$value"><edmx:Include Namespace="com.sap.vocabularies.Common.v1" Alias="Common"/></edmx:Reference>
	<edmx:Reference Uri="../../catalogservice;v=2/Vocabularies(TechnicalName='%2FIWBEP%2FVOC_UI',Version='0001',SAP__Origin='S4HANA')/$value"><edmx:Include Namespace="com.sap.vocabularies.UI.v1" Alias="UI"/></edmx:Reference>
	<edmx:Reference
		Uri="../../catalogservice;v=2/Vocabularies(TechnicalName='%2FIWBEP%2FVOC_COMMUNICATION',Version='0001',SAP__Origin='S4HANA')/$value"><edmx:Include Namespace="com.sap.vocabularies.Communication.v1" Alias="Communication"/></edmx:Reference>
	<edmx:Reference Uri="../../../sap/zux410_c_flightui00_cds/$metadata"><edmx:Include Namespace="ZUX410_C_FLIGHTUI00_CDS" Alias="SAP"/></edmx:Reference>
	<edmx:DataServices>
		<Schema xmlns="http://docs.oasis-open.org/odata/ns/edm" Namespace="zux410_c_flightui00_cds_van.v1">
			<Annotations Target="ZUX410_C_FLIGHTUI00_CDS.ZUX410_C_BOOKINGUI00Type">
				<Annotation Term="UI.LineItem">
					<Collection>
						<Record Type="UI.DataField"><PropertyValue Property="Value" Path="passname"/></Record>
						<Record Type="UI.DataField"><PropertyValue Property="Value" Path="fldate"/></Record>
						<Record Type="UI.DataField"><PropertyValue Property="Value" Path="order_date"/></Record>
						<Record Type="UI.DataField"><PropertyValue Property="Value" Path="loccuram"/></Record>
						<Record Type="UI.DataField"><PropertyValue Property="Value" Path="class"/></Record>
						<Record Type="UI.DataField"><PropertyValue Property="Value" Path="smoker"/></Record>
					</Collection>
				</Annotation>
			</Annotations>
			<Annotations Target="ZUX410_C_FLIGHTUI00_CDS.ZUX410_C_FLIGHTUI00Type">
				<Annotation Term="UI.HeaderFacets">
					<Collection>
						<Record Type="UI.ReferenceFacet"><PropertyValue Property="Target" AnnotationPath="@UI.FieldGroup#flightinfo"/></Record>
						<Record Type="UI.ReferenceFacet"><PropertyValue Property="Target" AnnotationPath="@UI.FieldGroup#seatinfo"/></Record>
					</Collection>
				</Annotation>
				<Annotation Term="UI.FieldGroup" Qualifier="flightinfo">
					<Record>
						<PropertyValue Property="Data">
							<Collection>
								<Record Type="UI.DataField"><PropertyValue Property="Value" Path="cityfrom"/></Record>
								<Record Type="UI.DataField"><PropertyValue Property="Value" Path="cityto"/></Record>
								<Record Type="UI.DataField"><PropertyValue Property="Value" Path="url"/></Record>
							</Collection>
						</PropertyValue>
					</Record>
				</Annotation>
				<Annotation Term="UI.FieldGroup" Qualifier="seatdata">
					<Record>
						<PropertyValue Property="Data">
							<Collection>
								<Record Type="UI.DataField"><PropertyValue Property="Value" Path="seatsmax_b"/></Record>
								<Record Type="UI.DataField"><PropertyValue Property="Value" Path="seatsmax_f"/></Record>
							</Collection>
						</PropertyValue>
					</Record>
				</Annotation>
				<Annotation Term="UI.FieldGroup" Qualifier="seatdata2">
					<Record>
						<PropertyValue Property="Data">
							<Collection>
								<Record Type="UI.DataField"><PropertyValue Property="Value" Path="seatsocc_f"/></Record>
								<Record Type="UI.DataField"><PropertyValue Property="Value" Path="seatsocc_b"/></Record>
							</Collection>
						</PropertyValue>
					</Record>
				</Annotation>
				<Annotation Term="UI.FieldGroup" Qualifier="seatinfo">
					<Record>
						<PropertyValue Property="Data">
							<Collection>
								<Record Type="UI.DataField"><PropertyValue Property="Value" Path="seatsmax"/></Record>
								<Record Type="UI.DataField"><PropertyValue Property="Value" Path="seatsocc"/></Record>
							</Collection>
						</PropertyValue>
					</Record>
				</Annotation>
				<Annotation Term="UI.HeaderInfo">
					<Record><PropertyValue Property="TypeName" String="Flight"/><PropertyValue Property="TypeNamePlural" String="Flights"/>
						<PropertyValue Property="Title">
							<Record Type="UI.DataField"><PropertyValue Property="Value" Path="carrid"/></Record>
						</PropertyValue>
						<PropertyValue Property="Description">
							<Record Type="UI.DataField"><PropertyValue Property="Value" Path="carrname"/></Record>
						</PropertyValue>
					</Record>
				</Annotation>
				<Annotation Term="UI.Identification">
					<Collection>
						<Record Type="UI.DataField"><PropertyValue Property="Value" Path="carrname"/></Record>
						<Record Type="UI.DataField"><PropertyValue Property="Value" Path="fldate"/></Record>
						<Record Type="UI.DataField"><PropertyValue Property="Value" Path="cityfrom"/></Record>
						<Record Type="UI.DataField"><PropertyValue Property="Value" Path="cityto"/></Record>
						<Record Type="UI.DataField"><PropertyValue Property="Value" Path="planetype"/></Record>
					</Collection>
				</Annotation>
				<Annotation Term="UI.LineItem">
					<Collection>
						<Record Type="UI.DataField"><PropertyValue Property="Value" Path="carrid"/></Record>
						<Record Type="UI.DataField"><PropertyValue Property="Value" Path="connid"/></Record>
						<Record Type="UI.DataField"><PropertyValue Property="Value" Path="fldate"/></Record>
						<Record Type="UI.DataField"><PropertyValue Property="Value" Path="carrname"/></Record>
						<Record Type="UI.DataField"><PropertyValue Property="Value" Path="planetype"/><Annotation Term="UI.Importance" EnumMember="UI.ImportanceType/High"/></Record>
						<Record Type="UI.DataField"><PropertyValue Property="Value" Path="price"/><Annotation Term="UI.Importance" EnumMember="UI.ImportanceType/Low"/></Record>
						<Record Type="UI.DataField"><PropertyValue Property="Value" Path="cityfrom"/></Record>
						<Record Type="UI.DataField"><PropertyValue Property="Value" Path="cityto"/></Record>
						<Record Type="UI.DataField"><PropertyValue Property="Value" Path="Total"/><Annotation Term="UI.Importance" EnumMember="UI.ImportanceType/Medium"/></Record>
					</Collection>
				</Annotation>
				<Annotation Term="UI.SelectionFields">
					<Collection>
						<PropertyPath>carrname</PropertyPath>
						<PropertyPath>cityfrom</PropertyPath>
						<PropertyPath>cityto</PropertyPath>
					</Collection>
				</Annotation>
			</Annotations>
		</Schema>
	</edmx:DataServices>
</edmx:Edmx>