{"static":{},"combined":{"RKEAntragSet":[{"ID":"1","Vorname":"Hugo","Nachname":"Hurtig","ReiseBeginn":"01.08.2019","ReiseEnde":"10.08.2019","Kunde":"Musterkunde","AusgabenGesamtBrutto":"2000","VorUNachname":null},{"ID":"2","Vorname":"Lisa","Nachname":"Fleisig","ReiseBeginn":"10.09.2019","ReiseEnde":"15.09.2019","Kunde":"Demokunde","AusgabenGesamtBrutto":"1000","VorUNachname":null}],"RKEAItemSet":[{"ID":"1","AusgabeArt":"Fahrkarte","BetragNetto":10,"BetragBrutto":11.9,"Mwst":1.9,"___FK_0b26cb93a016b6171284b849_00016":null}]}}