[{
	"ID": "ID 1",
	"Vorname": "Vorname 1",
	"Nachname": "Nachname 1",
	"ReiseBeginn": "ReiseBeginn 1",
	"ReiseEnde": "ReiseEnde 1",
	"Kunde": "Kunde 1",
	"AusgabenGesamtBrutto": "AusgabenGesamtBrutto 1",
	"VorUNachname": "VorUNachname 1",
	"__metadata": {
		"uri": "RKEAntragSet('ID%201')",
		"type": "d5ba8afaa6e24fff1284b696.RKEAntrag"
	},
	"enthaelt": {
		"__deferred": {
			"uri": "RKEAntragSet('ID%201')/enthaelt"
		}
	}
}, {
	"ID": "ID 2",
	"Vorname": "Vorname 2",
	"Nachname": "Nachname 2",
	"ReiseBeginn": "ReiseBeginn 2",
	"ReiseEnde": "ReiseEnde 2",
	"Kunde": "Kunde 2",
	"AusgabenGesamtBrutto": "AusgabenGesamtBrutto 2",
	"VorUNachname": "VorUNachname 2",
	"__metadata": {
		"uri": "RKEAntragSet('ID%202')",
		"type": "d5ba8afaa6e24fff1284b696.RKEAntrag"
	},
	"enthaelt": {
		"__deferred": {
			"uri": "RKEAntragSet('ID%202')/enthaelt"
		}
	}
}, {
	"ID": "ID 3",
	"Vorname": "Vorname 3",
	"Nachname": "Nachname 3",
	"ReiseBeginn": "ReiseBeginn 3",
	"ReiseEnde": "ReiseEnde 3",
	"Kunde": "Kunde 3",
	"AusgabenGesamtBrutto": "AusgabenGesamtBrutto 3",
	"VorUNachname": "VorUNachname 3",
	"__metadata": {
		"uri": "RKEAntragSet('ID%203')",
		"type": "d5ba8afaa6e24fff1284b696.RKEAntrag"
	},
	"enthaelt": {
		"__deferred": {
			"uri": "RKEAntragSet('ID%203')/enthaelt"
		}
	}
}, {
	"ID": "ID 4",
	"Vorname": "Vorname 4",
	"Nachname": "Nachname 4",
	"ReiseBeginn": "ReiseBeginn 4",
	"ReiseEnde": "ReiseEnde 4",
	"Kunde": "Kunde 4",
	"AusgabenGesamtBrutto": "AusgabenGesamtBrutto 4",
	"VorUNachname": "VorUNachname 4",
	"__metadata": {
		"uri": "RKEAntragSet('ID%204')",
		"type": "d5ba8afaa6e24fff1284b696.RKEAntrag"
	},
	"enthaelt": {
		"__deferred": {
			"uri": "RKEAntragSet('ID%204')/enthaelt"
		}
	}
}, {
	"ID": "ID 5",
	"Vorname": "Vorname 5",
	"Nachname": "Nachname 5",
	"ReiseBeginn": "ReiseBeginn 5",
	"ReiseEnde": "ReiseEnde 5",
	"Kunde": "Kunde 5",
	"AusgabenGesamtBrutto": "AusgabenGesamtBrutto 5",
	"VorUNachname": "VorUNachname 5",
	"__metadata": {
		"uri": "RKEAntragSet('ID%205')",
		"type": "d5ba8afaa6e24fff1284b696.RKEAntrag"
	},
	"enthaelt": {
		"__deferred": {
			"uri": "RKEAntragSet('ID%205')/enthaelt"
		}
	}
}, {
	"ID": "ID 6",
	"Vorname": "Vorname 6",
	"Nachname": "Nachname 6",
	"ReiseBeginn": "ReiseBeginn 6",
	"ReiseEnde": "ReiseEnde 6",
	"Kunde": "Kunde 6",
	"AusgabenGesamtBrutto": "AusgabenGesamtBrutto 6",
	"VorUNachname": "VorUNachname 6",
	"__metadata": {
		"uri": "RKEAntragSet('ID%206')",
		"type": "d5ba8afaa6e24fff1284b696.RKEAntrag"
	},
	"enthaelt": {
		"__deferred": {
			"uri": "RKEAntragSet('ID%206')/enthaelt"
		}
	}
}, {
	"ID": "ID 7",
	"Vorname": "Vorname 7",
	"Nachname": "Nachname 7",
	"ReiseBeginn": "ReiseBeginn 7",
	"ReiseEnde": "ReiseEnde 7",
	"Kunde": "Kunde 7",
	"AusgabenGesamtBrutto": "AusgabenGesamtBrutto 7",
	"VorUNachname": "VorUNachname 7",
	"__metadata": {
		"uri": "RKEAntragSet('ID%207')",
		"type": "d5ba8afaa6e24fff1284b696.RKEAntrag"
	},
	"enthaelt": {
		"__deferred": {
			"uri": "RKEAntragSet('ID%207')/enthaelt"
		}
	}
}, {
	"ID": "ID 8",
	"Vorname": "Vorname 8",
	"Nachname": "Nachname 8",
	"ReiseBeginn": "ReiseBeginn 8",
	"ReiseEnde": "ReiseEnde 8",
	"Kunde": "Kunde 8",
	"AusgabenGesamtBrutto": "AusgabenGesamtBrutto 8",
	"VorUNachname": "VorUNachname 8",
	"__metadata": {
		"uri": "RKEAntragSet('ID%208')",
		"type": "d5ba8afaa6e24fff1284b696.RKEAntrag"
	},
	"enthaelt": {
		"__deferred": {
			"uri": "RKEAntragSet('ID%208')/enthaelt"
		}
	}
}, {
	"ID": "ID 9",
	"Vorname": "Vorname 9",
	"Nachname": "Nachname 9",
	"ReiseBeginn": "ReiseBeginn 9",
	"ReiseEnde": "ReiseEnde 9",
	"Kunde": "Kunde 9",
	"AusgabenGesamtBrutto": "AusgabenGesamtBrutto 9",
	"VorUNachname": "VorUNachname 9",
	"__metadata": {
		"uri": "RKEAntragSet('ID%209')",
		"type": "d5ba8afaa6e24fff1284b696.RKEAntrag"
	},
	"enthaelt": {
		"__deferred": {
			"uri": "RKEAntragSet('ID%209')/enthaelt"
		}
	}
}, {
	"ID": "ID 10",
	"Vorname": "Vorname 10",
	"Nachname": "Nachname 10",
	"ReiseBeginn": "ReiseBeginn 10",
	"ReiseEnde": "ReiseEnde 10",
	"Kunde": "Kunde 10",
	"AusgabenGesamtBrutto": "AusgabenGesamtBrutto 10",
	"VorUNachname": "VorUNachname 10",
	"__metadata": {
		"uri": "RKEAntragSet('ID%2010')",
		"type": "d5ba8afaa6e24fff1284b696.RKEAntrag"
	},
	"enthaelt": {
		"__deferred": {
			"uri": "RKEAntragSet('ID%2010')/enthaelt"
		}
	}
}, {
	"ID": "ID 11",
	"Vorname": "Vorname 11",
	"Nachname": "Nachname 11",
	"ReiseBeginn": "ReiseBeginn 11",
	"ReiseEnde": "ReiseEnde 11",
	"Kunde": "Kunde 11",
	"AusgabenGesamtBrutto": "AusgabenGesamtBrutto 11",
	"VorUNachname": "VorUNachname 11",
	"__metadata": {
		"uri": "RKEAntragSet('ID%2011')",
		"type": "d5ba8afaa6e24fff1284b696.RKEAntrag"
	},
	"enthaelt": {
		"__deferred": {
			"uri": "RKEAntragSet('ID%2011')/enthaelt"
		}
	}
}, {
	"ID": "ID 12",
	"Vorname": "Vorname 12",
	"Nachname": "Nachname 12",
	"ReiseBeginn": "ReiseBeginn 12",
	"ReiseEnde": "ReiseEnde 12",
	"Kunde": "Kunde 12",
	"AusgabenGesamtBrutto": "AusgabenGesamtBrutto 12",
	"VorUNachname": "VorUNachname 12",
	"__metadata": {
		"uri": "RKEAntragSet('ID%2012')",
		"type": "d5ba8afaa6e24fff1284b696.RKEAntrag"
	},
	"enthaelt": {
		"__deferred": {
			"uri": "RKEAntragSet('ID%2012')/enthaelt"
		}
	}
}, {
	"ID": "ID 13",
	"Vorname": "Vorname 13",
	"Nachname": "Nachname 13",
	"ReiseBeginn": "ReiseBeginn 13",
	"ReiseEnde": "ReiseEnde 13",
	"Kunde": "Kunde 13",
	"AusgabenGesamtBrutto": "AusgabenGesamtBrutto 13",
	"VorUNachname": "VorUNachname 13",
	"__metadata": {
		"uri": "RKEAntragSet('ID%2013')",
		"type": "d5ba8afaa6e24fff1284b696.RKEAntrag"
	},
	"enthaelt": {
		"__deferred": {
			"uri": "RKEAntragSet('ID%2013')/enthaelt"
		}
	}
}, {
	"ID": "ID 14",
	"Vorname": "Vorname 14",
	"Nachname": "Nachname 14",
	"ReiseBeginn": "ReiseBeginn 14",
	"ReiseEnde": "ReiseEnde 14",
	"Kunde": "Kunde 14",
	"AusgabenGesamtBrutto": "AusgabenGesamtBrutto 14",
	"VorUNachname": "VorUNachname 14",
	"__metadata": {
		"uri": "RKEAntragSet('ID%2014')",
		"type": "d5ba8afaa6e24fff1284b696.RKEAntrag"
	},
	"enthaelt": {
		"__deferred": {
			"uri": "RKEAntragSet('ID%2014')/enthaelt"
		}
	}
}, {
	"ID": "ID 15",
	"Vorname": "Vorname 15",
	"Nachname": "Nachname 15",
	"ReiseBeginn": "ReiseBeginn 15",
	"ReiseEnde": "ReiseEnde 15",
	"Kunde": "Kunde 15",
	"AusgabenGesamtBrutto": "AusgabenGesamtBrutto 15",
	"VorUNachname": "VorUNachname 15",
	"__metadata": {
		"uri": "RKEAntragSet('ID%2015')",
		"type": "d5ba8afaa6e24fff1284b696.RKEAntrag"
	},
	"enthaelt": {
		"__deferred": {
			"uri": "RKEAntragSet('ID%2015')/enthaelt"
		}
	}
}, {
	"ID": "ID 16",
	"Vorname": "Vorname 16",
	"Nachname": "Nachname 16",
	"ReiseBeginn": "ReiseBeginn 16",
	"ReiseEnde": "ReiseEnde 16",
	"Kunde": "Kunde 16",
	"AusgabenGesamtBrutto": "AusgabenGesamtBrutto 16",
	"VorUNachname": "VorUNachname 16",
	"__metadata": {
		"uri": "RKEAntragSet('ID%2016')",
		"type": "d5ba8afaa6e24fff1284b696.RKEAntrag"
	},
	"enthaelt": {
		"__deferred": {
			"uri": "RKEAntragSet('ID%2016')/enthaelt"
		}
	}
}, {
	"ID": "ID 17",
	"Vorname": "Vorname 17",
	"Nachname": "Nachname 17",
	"ReiseBeginn": "ReiseBeginn 17",
	"ReiseEnde": "ReiseEnde 17",
	"Kunde": "Kunde 17",
	"AusgabenGesamtBrutto": "AusgabenGesamtBrutto 17",
	"VorUNachname": "VorUNachname 17",
	"__metadata": {
		"uri": "RKEAntragSet('ID%2017')",
		"type": "d5ba8afaa6e24fff1284b696.RKEAntrag"
	},
	"enthaelt": {
		"__deferred": {
			"uri": "RKEAntragSet('ID%2017')/enthaelt"
		}
	}
}, {
	"ID": "ID 18",
	"Vorname": "Vorname 18",
	"Nachname": "Nachname 18",
	"ReiseBeginn": "ReiseBeginn 18",
	"ReiseEnde": "ReiseEnde 18",
	"Kunde": "Kunde 18",
	"AusgabenGesamtBrutto": "AusgabenGesamtBrutto 18",
	"VorUNachname": "VorUNachname 18",
	"__metadata": {
		"uri": "RKEAntragSet('ID%2018')",
		"type": "d5ba8afaa6e24fff1284b696.RKEAntrag"
	},
	"enthaelt": {
		"__deferred": {
			"uri": "RKEAntragSet('ID%2018')/enthaelt"
		}
	}
}, {
	"ID": "ID 19",
	"Vorname": "Vorname 19",
	"Nachname": "Nachname 19",
	"ReiseBeginn": "ReiseBeginn 19",
	"ReiseEnde": "ReiseEnde 19",
	"Kunde": "Kunde 19",
	"AusgabenGesamtBrutto": "AusgabenGesamtBrutto 19",
	"VorUNachname": "VorUNachname 19",
	"__metadata": {
		"uri": "RKEAntragSet('ID%2019')",
		"type": "d5ba8afaa6e24fff1284b696.RKEAntrag"
	},
	"enthaelt": {
		"__deferred": {
			"uri": "RKEAntragSet('ID%2019')/enthaelt"
		}
	}
}, {
	"ID": "ID 20",
	"Vorname": "Vorname 20",
	"Nachname": "Nachname 20",
	"ReiseBeginn": "ReiseBeginn 20",
	"ReiseEnde": "ReiseEnde 20",
	"Kunde": "Kunde 20",
	"AusgabenGesamtBrutto": "AusgabenGesamtBrutto 20",
	"VorUNachname": "VorUNachname 20",
	"__metadata": {
		"uri": "RKEAntragSet('ID%2020')",
		"type": "d5ba8afaa6e24fff1284b696.RKEAntrag"
	},
	"enthaelt": {
		"__deferred": {
			"uri": "RKEAntragSet('ID%2020')/enthaelt"
		}
	}
}]